asset,close,daily_return,volatility
AAPL,298.87,0.0010473611919640745,0.013358013476277948
